,count,mean,std,min,5%,25%,50%,75%,95%,max
churn,4231.0,0.5239896005672418,0.49948319758250626,0.0,0.0,0.0,1.0,1.0,1.0,1.0
recency_days,4231.0,99.91893169463484,88.40410545537122,8.0,15.0,35.0,67.0,135.0,297.0,360.0
frequency,4231.0,4.331127393051288,7.8868039310238585,1.0,1.0,1.0,2.0,5.0,13.0,201.0
monetary,4231.0,1979.318386669818,8366.697835312249,3.75,107.685,306.87,699.2,1678.87,6000.344999999999,308158.61
avg_order_value,4231.0,380.20770167902737,504.7980602152703,3.75,89.4575,178.57999999999998,285.6,423.97625,942.6313461538462,11880.84
purchase_interval_days,4231.0,59.2519764169027,46.15597921253781,0.0,10.0,37.11805555555556,48.75,63.5,156.0,334.0
product_diversity,4231.0,62.19144410304892,83.6063823537301,1.0,3.0,17.0,38.0,78.0,197.0,1712.0
cancellation_rate,4231.0,0.12234280279409776,0.17780448594369644,0.0,0.0,0.0,0.0,0.25,0.5,0.8333333333333334
spending_trend,4231.0,0.19140708732933695,0.7525265069763535,-0.9999999999999704,-0.9999999999980329,-0.35947607984106683,0.25089998587290063,0.9999999999956399,0.9999999999991331,0.999999999999981
order_trend,4231.0,0.18430894183175764,0.7430963501161079,-0.9999999999655173,-0.9999999995,-0.3333333332222222,0.19999999996,0.9999999989999999,0.9999999996666666,0.9999999999411765
obs_n_lines,4231.0,90.3167099976365,190.894284365594,1.0,4.0,18.0,43.0,98.0,304.0,5446.0
avg_line_quantity,4231.0,21.947962392509307,119.08767755606064,1.0,2.1381926683716967,5.308655043586551,9.403846153846153,14.279220779220779,48.8,4485.0
purchase_interval_imputed,4231.0,0.33514535570787046,0.4720970483647872,0.0,0.0,0.0,0.0,1.0,1.0,1.0
